<application>
  <component name="BlazeWizardUserSettings">
    <settings>
      <entry key="blaze-wizard.last-imported-bazel-workspace" value="$USER_HOME$/Documents/canva2::/Users/james.r/Documents/canva::/Users/jamesridey/Documents/canva-sparse::/Users/jamesridey/Documents/canva" />
      <entry key="import-from-workspace.last-workspace-path" value="tools/build/bazel/ij.bazelproject" />
      <entry key="select-project-view.selected-option" value="import-from-workspace" />
      <entry key="select-workspace.selected-option" value="use-existing-bazel-workspace" />
    </settings>
  </component>
</application>