<application>
  <component name="FindSettings">
    <option name="caseSensitive" value="true" />
    <option name="customScope" value="All Places" />
    <option name="defaultScopeName" value="All Places" />
    <option name="localWholeWordsOnly" value="true" />
    <option name="regularExpressions" value="true" />
    <option name="showResultsInSeparateView" value="true" />
    <option name="CASE_SENSITIVE_SEARCH" value="true" />
    <option name="LOCAL_WHOLE_WORDS_ONLY" value="true" />
    <option name="REGULAR_EXPRESSIONS" value="true" />
    <option name="SHOW_RESULTS_IN_SEPARATE_VIEW" value="true" />
    <option name="SEARCH_SCOPE" value="All Places" />
    <mask>*presenter.ts</mask>
    <mask>*tests.ts</mask>
    <mask>*steps*</mask>
    <mask>*.tests.ts</mask>
    <mask>*synthetic*</mask>
    <mask>*tsx</mask>
    <mask>*presenter.tests*</mask>
    <mask>feature/**/*.ts</mask>
    <mask>install.tsx</mask>
    <mask>*stories.tsx</mask>
    <mask>*messages*</mask>
    <mask>*.stories*</mask>
    <mask>*snap</mask>
    <mask>*proto</mask>
    <mask>*tests*</mask>
    <mask>*stories*</mask>
    <mask>*fake*</mask>
    <mask>OWNERS</mask>
    <mask>*.tests.tsx</mask>
    <mask>*.stories.tsx</mask>
    <mask>*.messages.*</mask>
    <mask>*.ts</mask>
    <mask>*tests.tsx</mask>
    <mask>*Test.java</mask>
    <mask>*steps.ts</mask>
    <mask>*.java</mask>
    <mask>*.css</mask>
    <mask>*.stories.*</mask>
    <mask>*.tsx</mask>
    <mask>*.proto</mask>
  </component>
</application>